Konto,Kontonavn,Moms,Type
999,RESULTATOPGØRELSE,,Overskrift
102000,Boligafgift,,D
104000,"Lejeindtægter, beboelsesmål",,D
104010,Grundejernes investeringsfond,,D
104020,"Lejeindtægter, erhvervslejemål",,D
104030,"Lejeindtægter, erhvervslejemål m/moms",U25,D
106000,Vaskeri,,D
108000,"Tilskud, privat byfornyelse",,D
110000,Overtagelsesgebyrer,,D
110010,Fremlejeafgift,,D
110020,Administrationsindtægt salg af andel,,D
110990,Andre indtægter,,D
122000,Ejendomsskat,,D
122010,Ejendomsskat og renovationsafgift,,D
122020,Forsikringer,,D
124000,Vandafgift,,D
124010,Renovation,,D
124020,"Elforbrug, fællesarealer",,D
124030,Fjernvarme,,D
124990,Øvrige forbrugsafgifter,,D
126000,Viceværtsservice,,D
126010,Rengøring og vinduespolering,,D
126020,Gårdlaug,,D
126030,APV,,D
126040,Arbejdstøj,,D
126050,Lønninger (personale),,D
126070,Vejlaug,,D
126990,Øvrig renholdelse,,D
128000,Drift af vaskeri,,D
130010,Varmeanlæg,,D
130020,Låseservice,,D
130030,Elektriker,,D
130040,Tømrer og snedker,,D
130050,Blikkenslager,,D
130060,Maler,,D
130070,Glarmester og udskiftning af ruder,,D
130080,Kloakarbejde,,D
130090,VVS / blikkenslager,,D
130100,Varmemålere,,D
130110,Småanskaffelser,,D
130120,Inventar mv. (småanskaffelser),,D
130130,"Værktøj, maskiner mv. (småanskaffelser)",,D
130140,Drift af maskiner,,D
130150,Vedligeholdelse have,,D
130160,Vedligeholdelse legepladser,,D
130170,Vedligeholdelse vaskekælder,,D
130180,Gård- og haveanlæg,,D
130190,Vejreparationer,,D
130200,Rådgivning - vedligeholdelse,,D
130210,Energimærkning,,D
130220,Beboerudvalg,,D
130990,Øvrige løbende vedligeholdelse,,D
132010,Varmeanlæg,,D
132020,Udskiftning af låse og døre,,D
132030,Elektriker,,D
132040,Tømrer og snedker,,D
132050,Blikkenslager,,D
132060,Maler,,D
132070,Glarmester og udskiftning af ruder,,D
132080,Kloakarbejde,,D
132090,VVS / blikkenslager,,D
132100,Varmemåler,,D
132110,Småanskaffelser,,D
132120,Inventar mv. (småanskaffelser),,D
132130,"Værktøj, maskiner mv. (småanskaffelser)",,D
132140,Drift af maskiner,,D
132150,Vedligeholdelse have,,D
132160,Vedligeholdelse legepladser,,D
132170,Vedligeholdelse vaskekælder,,D
132180,Gård- og haveanlæg,,D
132190,Vejreparationer,,D
132200,Rådgivning - vedligeholdelse,,D
132210,Energimærkning,,D
132220,Beboerudvalg,,D
132230,Veligeholdelsesprojekter,,D
132990,"Øvrig vedligeholdelse, genopretning og renovering",,D
134000,Indvendig vedligeholdelse for lejere,,D
136000,Gårdlaugsbidrag,,D
138000,Administrationshonorar,,D
138010,"Administrationshonorar, særlig rådgivning",,D
138020,Revision og regnskabsmæssig assistance,,D
138030,Regnskabsmæssig assistance,,D
138040,"Rådgivning, revisor",,D
138050,Advokat,,D
138060,Konsulenter,,D
138070,Kontormaskiner (småanskaffelser),,D
138080,Varmeregnskabshonorar,,D
138090,Bankgebyrer,,D
138100,Øvrige gebyrer mv.,,D
138110,Kontorartikler,,D
138120,Telefon,,D
138130,Internet,,D
138140,Hjemmeside,,D
138150,Møder mv.,,D
138160,Honorar ABF,,D
138170,Repræsentation (gaver og blomster),,D
138180,Kontingenter,,D
138990,Øvrige,,D
140000,Bestyrelseshonorar og godtgørelser,,D
142000,Generalforsamling,,D
142010,Møder,,D
142020,Fester og arrangementer,,D
144000,Afskrivning inventar m.v.,,D
178000,Renteindtægter bank,,D
178001,Renteindtægter bank 2,,D
178002,Renteindtægter bank 3,,D
178003,Renteindtægter bank 4,,D
178010,Kursgevinst på årets ekstraordinære afdrag,,D
178990,Øvrige finansielle indtægter,,D
188000,Renteomkostninger bank,,D
188001,Renteomkostninger bank 2,,D
188002,Renteomkostninger bank 3,,D
188003,Renteomkostninger bank 4,,D
188010,Prioritetsrenter og bidrag,,D
188020,Betaling vedr. renteswap,,D
188030,Indeksregulering af indekslån,,D
188040,Amortisering af kurstab på obligationslån,,D
188050,"Renter, kreditorer",,D
188990,Øvrige finansielle omkostninger,,D
192000,Skat af årets resultat,,D
199999,RESULTAT EFTER SKAT,,SUM
200000,RESULTATDISPONERING,,Overskrift
202000,Overført til ”Reserveret til vedligeholdelse af ejendommen”,,R
204000,Betalte prioritetsafdrag,,R
206000,Regnskabsmæssige afskrivninger af inventar,,R
208000,Amortisering af kurstab på obligationslån,,R
210000,Indeksregulering af indekslån,,R
220000,Overført restandel af årets resultat,,R
229999,RESULTATDISPONERING I ALT,,SUM
300000,AKTIVER,,Overskrift
322350,Ejendom 1,,A
322000,Ejendom 1-Kostpris-Kostpris primo,,A
322010,Ejendom 1-Kostpris-Ændring som følge af praksisændring,,A
322020,Ejendom 1-Kostpris-Ændring som følge af valutakursregulering,,A
322030,Ejendom 1-Kostpris-Tilgang i forbindelse med fusion,,A
322040,Ejendom 1-Kostpris-Tilgang i årets løb,,A
322050,Ejendom 1-Kostpris-Afgang i årets løb,,A
322060,Ejendom 1-Kostpris-Overførsler i året til/fra andre poster,,A
322100,Ejendom 1-Opskrivninger-Opskrivninger primo,,A
322110,Ejendom 1-Opskrivninger-Ændring som følge af praksisændring,,A
322120,Ejendom 1-Opskrivninger-Ændring som følge af valutakursregulering,,A
322130,Ejendom 1-Opskrivninger-Årets opskrivninger,,A
322140,Ejendom 1-Opskrivninger-Tilbageførsel af opskrivninger på afhændede aktiver,,A
322150,Ejendom 1-Opskrivninger-Tilbageførsel af tidligere års opskrivninger,,A
322200,Ejendom 1-Af- og nedskrivninger-Af- og nedskrivninger primo,,A
322210,Ejendom 1-Af- og nedskrivninger-Ændring som følge af praksisændring,,A
322220,Ejendom 1-Af- og nedskrivninger-Ændring som følge af valutakursregulering,,A
322230,Ejendom 1-Af- og nedskrivninger-Årets afskrivninger,,A
322240,Ejendom 1-Af- og nedskrivninger-Årets nedskrivninger,,A
322250,Ejendom 1-Af- og nedskrivninger-Tilbageførsel af af- og nedskrivninger på afhændede aktiver,,A
322260,Ejendom 1-Af- og nedskrivninger-Tilbageførsel af tidligere års af- og nedskrivninger,,A
322300,Ejendom 1-Dagsværdireguleringer-Dagsværdireguleringer primo,,A
322310,Ejendom 1-Dagsværdireguleringer-Ændring som følge af praksisændring,,A
322320,Ejendom 1-Dagsværdireguleringer-Ændring som følge af valutakursregulering,,A
322330,Ejendom 1-Dagsværdireguleringer-Årets reguleringer,,A
322340,Ejendom 1-Dagsværdireguleringer-Tilbageførsel af dagsværdireguleringer på afhændede aktiver,,A
324350,Ejendom 2,,A
324000,Ejendom 2-Kostpris-Kostpris primo,,A
324010,Ejendom 2-Kostpris-Ændring som følge af praksisændring,,A
324020,Ejendom 2-Kostpris-Ændring som følge af valutakursregulering,,A
324030,Ejendom 2-Kostpris-Tilgang i forbindelse med fusion,,A
324040,Ejendom 2-Kostpris-Tilgang i årets løb,,A
324050,Ejendom 2-Kostpris-Afgang i årets løb,,A
324060,Ejendom 2-Kostpris-Overførsler i året til/fra andre poster,,A
324100,Ejendom 2-Opskrivninger-Opskrivninger primo,,A
324110,Ejendom 2-Opskrivninger-Ændring som følge af praksisændring,,A
324120,Ejendom 2-Opskrivninger-Ændring som følge af valutakursregulering,,A
324130,Ejendom 2-Opskrivninger-Årets opskrivninger,,A
324140,Ejendom 2-Opskrivninger-Tilbageførsel af opskrivninger på afhændede aktiver,,A
324150,Ejendom 2-Opskrivninger-Tilbageførsel af tidligere års opskrivninger,,A
324200,Ejendom 2-Af- og nedskrivninger-Af- og nedskrivninger primo,,A
324210,Ejendom 2-Af- og nedskrivninger-Ændring som følge af praksisændring,,A
324220,Ejendom 2-Af- og nedskrivninger-Ændring som følge af valutakursregulering,,A
324230,Ejendom 2-Af- og nedskrivninger-Årets afskrivninger,,A
324240,Ejendom 2-Af- og nedskrivninger-Årets nedskrivninger,,A
324250,Ejendom 2-Af- og nedskrivninger-Tilbageførsel af af- og nedskrivninger på afhændede aktiver,,A
324260,Ejendom 2-Af- og nedskrivninger-Tilbageførsel af tidligere års af- og nedskrivninger,,A
324300,Ejendom 2-Dagsværdireguleringer-Dagsværdireguleringer primo,,A
324310,Ejendom 2-Dagsværdireguleringer-Ændring som følge af praksisændring,,A
324320,Ejendom 2-Dagsværdireguleringer-Ændring som følge af valutakursregulering,,A
324330,Ejendom 2-Dagsværdireguleringer-Årets reguleringer,,A
324340,Ejendom 2-Dagsværdireguleringer-Tilbageførsel af dagsværdireguleringer på afhændede aktiver,,A
326350,Ejendom 3,,A
326000,Ejendom 3-Kostpris-Kostpris primo,,A
326010,Ejendom 3-Kostpris-Ændring som følge af praksisændring,,A
326020,Ejendom 3-Kostpris-Ændring som følge af valutakursregulering,,A
326030,Ejendom 3-Kostpris-Tilgang i forbindelse med fusion,,A
326040,Ejendom 3-Kostpris-Tilgang i årets løb,,A
326050,Ejendom 3-Kostpris-Afgang i årets løb,,A
326060,Ejendom 3-Kostpris-Overførsler i året til/fra andre poster,,A
326100,Ejendom 3-Opskrivninger-Opskrivninger primo,,A
326110,Ejendom 3-Opskrivninger-Ændring som følge af praksisændring,,A
326120,Ejendom 3-Opskrivninger-Ændring som følge af valutakursregulering,,A
326130,Ejendom 3-Opskrivninger-Årets opskrivninger,,A
326140,Ejendom 3-Opskrivninger-Tilbageførsel af opskrivninger på afhændede aktiver,,A
326150,Ejendom 3-Opskrivninger-Tilbageførsel af tidligere års opskrivninger,,A
326200,Ejendom 3-Af- og nedskrivninger-Af- og nedskrivninger primo,,A
326210,Ejendom 3-Af- og nedskrivninger-Ændring som følge af praksisændring,,A
326220,Ejendom 3-Af- og nedskrivninger-Ændring som følge af valutakursregulering,,A
326230,Ejendom 3-Af- og nedskrivninger-Årets afskrivninger,,A
326240,Ejendom 3-Af- og nedskrivninger-Årets nedskrivninger,,A
326250,Ejendom 3-Af- og nedskrivninger-Tilbageførsel af af- og nedskrivninger på afhændede aktiver,,A
326260,Ejendom 3-Af- og nedskrivninger-Tilbageførsel af tidligere års af- og nedskrivninger,,A
326300,Ejendom 3-Dagsværdireguleringer-Dagsværdireguleringer primo,,A
326310,Ejendom 3-Dagsværdireguleringer-Ændring som følge af praksisændring,,A
326320,Ejendom 3-Dagsværdireguleringer-Ændring som følge af valutakursregulering,,A
326330,Ejendom 3-Dagsværdireguleringer-Årets reguleringer,,A
326340,Ejendom 3-Dagsværdireguleringer-Tilbageførsel af dagsværdireguleringer på afhændede aktiver,,A
328350,"Inventar, driftsmateriel mv.",,A
328000,"Inventar, driftsmateriel mv.-Kostpris-Kostpris primo",,A
328010,"Inventar, driftsmateriel mv.-Kostpris-Ændring som følge af praksisændring",,A
328020,"Inventar, driftsmateriel mv.-Kostpris-Ændring som følge af valutakursregulering",,A
328030,"Inventar, driftsmateriel mv.-Kostpris-Tilgang i forbindelse med fusion",,A
328040,"Inventar, driftsmateriel mv.-Kostpris-Tilgang i årets løb",,A
328050,"Inventar, driftsmateriel mv.-Kostpris-Afgang i årets løb",,A
328060,"Inventar, driftsmateriel mv.-Kostpris-Overførsler i året til/fra andre poster",,A
328100,"Inventar, driftsmateriel mv.-Opskrivninger-Opskrivninger primo",,A
328110,"Inventar, driftsmateriel mv.-Opskrivninger-Ændring som følge af praksisændring",,A
328120,"Inventar, driftsmateriel mv.-Opskrivninger-Ændring som følge af valutakursregulering",,A
328130,"Inventar, driftsmateriel mv.-Opskrivninger-Årets opskrivninger",,A
328140,"Inventar, driftsmateriel mv.-Opskrivninger-Tilbageførsel af opskrivninger på afhændede aktiver",,A
328150,"Inventar, driftsmateriel mv.-Opskrivninger-Tilbageførsel af tidligere års opskrivninger",,A
328200,"Inventar, driftsmateriel mv.-Af- og nedskrivninger-Af- og nedskrivninger primo",,A
328210,"Inventar, driftsmateriel mv.-Af- og nedskrivninger-Ændring som følge af praksisændring",,A
328220,"Inventar, driftsmateriel mv.-Af- og nedskrivninger-Ændring som følge af valutakursregulering",,A
328230,"Inventar, driftsmateriel mv.-Af- og nedskrivninger-Årets afskrivninger",,A
328240,"Inventar, driftsmateriel mv.-Af- og nedskrivninger-Årets nedskrivninger",,A
328250,"Inventar, driftsmateriel mv.-Af- og nedskrivninger-Tilbageførsel af af- og nedskrivninger på afhændede aktiver",,A
328260,"Inventar, driftsmateriel mv.-Af- og nedskrivninger-Tilbageførsel af tidligere års af- og nedskrivninger",,A
328300,"Inventar, driftsmateriel mv.-Dagsværdireguleringer-Dagsværdireguleringer primo",,A
328310,"Inventar, driftsmateriel mv.-Dagsværdireguleringer-Ændring som følge af praksisændring",,A
328320,"Inventar, driftsmateriel mv.-Dagsværdireguleringer-Ændring som følge af valutakursregulering",,A
328330,"Inventar, driftsmateriel mv.-Dagsværdireguleringer-Årets reguleringer",,A
328340,"Inventar, driftsmateriel mv.-Dagsværdireguleringer-Tilbageførsel af dagsværdireguleringer på afhændede aktiver",,A
330350,Inventar,,A
330000,Inventar-Kostpris-Kostpris primo,,A
330010,Inventar-Kostpris-Ændring som følge af praksisændring,,A
330020,Inventar-Kostpris-Ændring som følge af valutakursregulering,,A
330030,Inventar-Kostpris-Tilgang i forbindelse med fusion,,A
330040,Inventar-Kostpris-Tilgang i årets løb,,A
330050,Inventar-Kostpris-Afgang i årets løb,,A
330060,Inventar-Kostpris-Overførsler i året til/fra andre poster,,A
330100,Inventar-Opskrivninger-Opskrivninger primo,,A
330110,Inventar-Opskrivninger-Ændring som følge af praksisændring,,A
330120,Inventar-Opskrivninger-Ændring som følge af valutakursregulering,,A
330130,Inventar-Opskrivninger-Årets opskrivninger,,A
330140,Inventar-Opskrivninger-Tilbageførsel af opskrivninger på afhændede aktiver,,A
330150,Inventar-Opskrivninger-Tilbageførsel af tidligere års opskrivninger,,A
330200,Inventar-Af- og nedskrivninger-Af- og nedskrivninger primo,,A
330210,Inventar-Af- og nedskrivninger-Ændring som følge af praksisændring,,A
330220,Inventar-Af- og nedskrivninger-Ændring som følge af valutakursregulering,,A
330230,Inventar-Af- og nedskrivninger-Årets afskrivninger,,A
330240,Inventar-Af- og nedskrivninger-Årets nedskrivninger,,A
330250,Inventar-Af- og nedskrivninger-Tilbageførsel af af- og nedskrivninger på afhændede aktiver,,A
330260,Inventar-Af- og nedskrivninger-Tilbageførsel af tidligere års af- og nedskrivninger,,A
330300,Inventar-Dagsværdireguleringer-Dagsværdireguleringer primo,,A
330310,Inventar-Dagsværdireguleringer-Ændring som følge af praksisændring,,A
330320,Inventar-Dagsværdireguleringer-Ændring som følge af valutakursregulering,,A
330330,Inventar-Dagsværdireguleringer-Årets reguleringer,,A
330340,Inventar-Dagsværdireguleringer-Tilbageførsel af dagsværdireguleringer på afhændede aktiver,,A
332350,Inventar,,A
332000,Inventar-Kostpris-Kostpris primo,,A
332010,Inventar-Kostpris-Ændring som følge af praksisændring,,A
332020,Inventar-Kostpris-Ændring som følge af valutakursregulering,,A
332030,Inventar-Kostpris-Tilgang i forbindelse med fusion,,A
332040,Inventar-Kostpris-Tilgang i årets løb,,A
332050,Inventar-Kostpris-Afgang i årets løb,,A
332060,Inventar-Kostpris-Overførsler i året til/fra andre poster,,A
332100,Inventar-Opskrivninger-Opskrivninger primo,,A
332110,Inventar-Opskrivninger-Ændring som følge af praksisændring,,A
332120,Inventar-Opskrivninger-Ændring som følge af valutakursregulering,,A
332130,Inventar-Opskrivninger-Årets opskrivninger,,A
332140,Inventar-Opskrivninger-Tilbageførsel af opskrivninger på afhændede aktiver,,A
332150,Inventar-Opskrivninger-Tilbageførsel af tidligere års opskrivninger,,A
332200,Inventar-Af- og nedskrivninger-Af- og nedskrivninger primo,,A
332210,Inventar-Af- og nedskrivninger-Ændring som følge af praksisændring,,A
332220,Inventar-Af- og nedskrivninger-Ændring som følge af valutakursregulering,,A
332230,Inventar-Af- og nedskrivninger-Årets afskrivninger,,A
332240,Inventar-Af- og nedskrivninger-Årets nedskrivninger,,A
332250,Inventar-Af- og nedskrivninger-Tilbageførsel af af- og nedskrivninger på afhændede aktiver,,A
332260,Inventar-Af- og nedskrivninger-Tilbageførsel af tidligere års af- og nedskrivninger,,A
332300,Inventar-Dagsværdireguleringer-Dagsværdireguleringer primo,,A
332310,Inventar-Dagsværdireguleringer-Ændring som følge af praksisændring,,A
332320,Inventar-Dagsværdireguleringer-Ændring som følge af valutakursregulering,,A
332330,Inventar-Dagsværdireguleringer-Årets reguleringer,,A
332340,Inventar-Dagsværdireguleringer-Tilbageførsel af dagsværdireguleringer på afhændede aktiver,,A
334350,Indretning af lejede lokaler,,A
334000,Indretning af lejede lokaler-Kostpris-Kostpris primo,,A
334010,Indretning af lejede lokaler-Kostpris-Ændring som følge af praksisændring,,A
334020,Indretning af lejede lokaler-Kostpris-Ændring som følge af valutakursregulering,,A
334030,Indretning af lejede lokaler-Kostpris-Tilgang i forbindelse med fusion,,A
334040,Indretning af lejede lokaler-Kostpris-Tilgang i årets løb,,A
334050,Indretning af lejede lokaler-Kostpris-Afgang i årets løb,,A
334060,Indretning af lejede lokaler-Kostpris-Overførsler i året til/fra andre poster,,A
334100,Indretning af lejede lokaler-Opskrivninger-Opskrivninger primo,,A
334110,Indretning af lejede lokaler-Opskrivninger-Ændring som følge af praksisændring,,A
334120,Indretning af lejede lokaler-Opskrivninger-Ændring som følge af valutakursregulering,,A
334130,Indretning af lejede lokaler-Opskrivninger-Årets opskrivninger,,A
334140,Indretning af lejede lokaler-Opskrivninger-Tilbageførsel af opskrivninger på afhændede aktiver,,A
334150,Indretning af lejede lokaler-Opskrivninger-Tilbageførsel af tidligere års opskrivninger,,A
334200,Indretning af lejede lokaler-Af- og nedskrivninger-Af- og nedskrivninger primo,,A
334210,Indretning af lejede lokaler-Af- og nedskrivninger-Ændring som følge af praksisændring,,A
334220,Indretning af lejede lokaler-Af- og nedskrivninger-Ændring som følge af valutakursregulering,,A
334230,Indretning af lejede lokaler-Af- og nedskrivninger-Årets afskrivninger,,A
334240,Indretning af lejede lokaler-Af- og nedskrivninger-Årets nedskrivninger,,A
334250,Indretning af lejede lokaler-Af- og nedskrivninger-Tilbageførsel af af- og nedskrivninger på afhændede aktiver,,A
334260,Indretning af lejede lokaler-Af- og nedskrivninger-Tilbageførsel af tidligere års af- og nedskrivninger,,A
334300,Indretning af lejede lokaler-Dagsværdireguleringer-Dagsværdireguleringer primo,,A
334310,Indretning af lejede lokaler-Dagsværdireguleringer-Ændring som følge af praksisændring,,A
334320,Indretning af lejede lokaler-Dagsværdireguleringer-Ændring som følge af valutakursregulering,,A
334330,Indretning af lejede lokaler-Dagsværdireguleringer-Årets reguleringer,,A
334340,Indretning af lejede lokaler-Dagsværdireguleringer-Tilbageførsel af dagsværdireguleringer på afhændede aktiver,,A
336350,Forudbetalinger for materielle anlægsaktiver,,A
336000,Forudbetalinger for materielle anlægsaktiver-Kostpris-Kostpris primo,,A
336010,Forudbetalinger for materielle anlægsaktiver-Kostpris-Ændring som følge af praksisændring,,A
336020,Forudbetalinger for materielle anlægsaktiver-Kostpris-Ændring som følge af valutakursregulering,,A
336030,Forudbetalinger for materielle anlægsaktiver-Kostpris-Tilgang i forbindelse med fusion,,A
336040,Forudbetalinger for materielle anlægsaktiver-Kostpris-Tilgang i årets løb,,A
336050,Forudbetalinger for materielle anlægsaktiver-Kostpris-Afgang i årets løb,,A
336060,Forudbetalinger for materielle anlægsaktiver-Kostpris-Overførsler i året til/fra andre poster,,A
336100,Forudbetalinger for materielle anlægsaktiver-Opskrivninger-Opskrivninger primo,,A
336110,Forudbetalinger for materielle anlægsaktiver-Opskrivninger-Ændring som følge af praksisændring,,A
336120,Forudbetalinger for materielle anlægsaktiver-Opskrivninger-Ændring som følge af valutakursregulering,,A
336130,Forudbetalinger for materielle anlægsaktiver-Opskrivninger-Årets opskrivninger,,A
336140,Forudbetalinger for materielle anlægsaktiver-Opskrivninger-Tilbageførsel af opskrivninger på afhændede aktiver,,A
336150,Forudbetalinger for materielle anlægsaktiver-Opskrivninger-Tilbageførsel af tidligere års opskrivninger,,A
336200,Forudbetalinger for materielle anlægsaktiver-Af- og nedskrivninger-Af- og nedskrivninger primo,,A
336210,Forudbetalinger for materielle anlægsaktiver-Af- og nedskrivninger-Ændring som følge af praksisændring,,A
336220,Forudbetalinger for materielle anlægsaktiver-Af- og nedskrivninger-Ændring som følge af valutakursregulering,,A
336230,Forudbetalinger for materielle anlægsaktiver-Af- og nedskrivninger-Årets afskrivninger,,A
336240,Forudbetalinger for materielle anlægsaktiver-Af- og nedskrivninger-Årets nedskrivninger,,A
336250,Forudbetalinger for materielle anlægsaktiver-Af- og nedskrivninger-Tilbageførsel af af- og nedskrivninger på afhændede aktiver,,A
336260,Forudbetalinger for materielle anlægsaktiver-Af- og nedskrivninger-Tilbageførsel af tidligere års af- og nedskrivninger,,A
336300,Forudbetalinger for materielle anlægsaktiver-Dagsværdireguleringer-Dagsværdireguleringer primo,,A
336310,Forudbetalinger for materielle anlægsaktiver-Dagsværdireguleringer-Ændring som følge af praksisændring,,A
336320,Forudbetalinger for materielle anlægsaktiver-Dagsværdireguleringer-Ændring som følge af valutakursregulering,,A
336330,Forudbetalinger for materielle anlægsaktiver-Dagsværdireguleringer-Årets reguleringer,,A
336340,Forudbetalinger for materielle anlægsaktiver-Dagsværdireguleringer-Tilbageførsel af dagsværdireguleringer på afhændede aktiver,,A
420000,Indestående Grundejernes Investeringsfond,,A
422000,Lån til andelshavere,,A
424000,Tilgodehavende boligafgift,,A
424010,Tilgodehavende leje,,A
426000,"Restancer, andelshavere",,A
428000,Deposita,,A
430000,Varmeregnskab,,A
430010,"Varmeregnskab, primo",,A
430020,"Varmeregnskab, a conto indbetaling",,A
430030,"Varmeregnskab, afholdte varmeudgifter",,A
432000,Vandregnskab,,A
432010,"Vandregnskab, primo",,A
432020,"Vandregnskab, a conto indbetaling",,A
432030,"Vandregnskab, afholdte vandudgifter",,A
434000,Renovationsregnskab,,A
434010,"Renovationregnskab, primo",,A
434020,"Renovationregnskab, a conto indbetaling",,A
434030,"Renovationregnskab, afholdte Renovationudgifter",,A
436000,Antenneregnskab,,A
438000,IT-regnskab,,A
440000,Vaskeriregnskab,,A
442000,Indvendig vedligeholdelse for lejere,,A
444000,Tilgodehavende selskabsskat,,A
446000,Andre tilgodehavender,,A
448000,Mellemregning med andelshavere,,A
450000,Mellemregning med administrator,,A
452000,"Efterbetalinger fra andelshaverne, overdragelse af andele",,A
454000,Periodeafgrænsningsposter,,A
456000,Udskudte skatteaktive,,A
464000,Pantebreve,,A
466000,Obligationer,,A
468000,Andre værdipapirer,,A
482000,Bank,,A
482010,Bank2,,A
482020,Bank3,,A
482030,Kasse,,A
498000,Overførsler til bundne aktiver,,A
499999,AKTIVER I ALT,,SUM
500000,EGENKAPITAL,,Overskrift
502000,Andelsindskud-Primo,,E
502200,Andelsindskud-Korrektion primo,,E
502400,Andelsindskud-Årets tilgang,,E
502600,Andelsindskud-Årets afgang,,E
502800,Andelsindskud-Andre reguleringer,,E
504000,Reserve for opskrivninger-Primo,,E
504200,Reserve for opskrivninger-Korrektion primo,,E
504400,Reserve for opskrivninger-Årets tilgang,,E
504600,Reserve for opskrivninger-Årets afgang,,E
504800,Reserve for opskrivninger-Andre reguleringer,,E
506000,Overført resultat-Primo,,E
506200,Overført resultat-Korrektion primo,,E
506400,Overført resultat-Årets tilgang,,E
506600,Overført resultat-Årets afgang,,E
506800,Overført resultat-Andre reguleringer,,E
508000,Lovpligtige reserver-Primo,,E
508200,Lovpligtige reserver-Korrektion primo,,E
508400,Lovpligtige reserver-Årets tilgang,,E
508600,Lovpligtige reserver-Årets afgang,,E
508800,Lovpligtige reserver-Andre reguleringer,,E
510000,Vedtægtsmæssige reserver-Primo,,E
510200,Vedtægtsmæssige reserver-Korrektion primo,,E
510400,Vedtægtsmæssige reserver-Årets tilgang,,E
510600,Vedtægtsmæssige reserver-Årets afgang,,E
510800,Vedtægtsmæssige reserver-Andre reguleringer,,E
512000,Øvrige reserver-Primo,,E
512200,Øvrige reserver-Korrektion primo,,E
512400,Øvrige reserver-Årets tilgang,,E
512600,Øvrige reserver-Årets afgang,,E
512800,Øvrige reserver-Andre reguleringer,,E
514000,Reserve til imødegåelse af værdiforringelse af ejendom-Primo,,E
514200,Reserve til imødegåelse af værdiforringelse af ejendom-Korrektion primo,,E
514400,Reserve til imødegåelse af værdiforringelse af ejendom-Årets tilgang,,E
514600,Reserve til imødegåelse af værdiforringelse af ejendom-Årets afgang,,E
514800,Reserve til imødegåelse af værdiforringelse af ejendom-Andre reguleringer,,E
516000,Reserve til vedligeholdelse af ejendom-Primo,,E
516200,Reserve til vedligeholdelse af ejendom-Korrektion primo,,E
516400,Reserve til vedligeholdelse af ejendom-Årets tilgang,,E
516600,Reserve til vedligeholdelse af ejendom-Årets afgang,,E
516800,Reserve til vedligeholdelse af ejendom-Andre reguleringer,,E
519999,EGENKAPITAL I ALT,,SUM
600000,HENSATTE FORPLIGTELSER,,Overskrift
602000,Hensatte forpligtelser-Grundejernes investeringsejendom,,P
604000,Hensatte forpligtelser-Udskudt skat,,P
609999,HENSATTE FORPLIGTELSER I ALT,,SUM
700000,GÆLDSFORPLIGTELSER,,Overskrift
702000,Prioritetsgæld inkl. finansielle instrumenter (langfristet),,P
704000,Gæld til banker (langfristet),,P
706000,"Anden gæld, der er optaget ved udstedelse af obligationer (langfristet)",,P
708000,Gæld til kreditinstitutter i øvrigt (langfristet),,P
710000,Finansielle instrumenter (langfristet),,P
712000,Deposita (langfristet),,P
714000,Varmeregnskab (langfristet),,P
716000,Vandregnskab (langfristet),,P
718000,Renovationsregnskab (langfristet),,P
720000,Antenneregnskab (langfristet),,P
722000,IT-regnskab (langfristet),,P
724000,Vaskeriregnskab (langfristet),,P
726000,Indvendig vedligeholdelse for lejere (langfristet),,P
728000,Leverandører af varer og tjenesteydelser (langfristet),,P
730000,Forudbetalt boligafgift og leje (langfristet),,P
732000,Selskabsskat (langfristet),,P
734000,Anden gæld (langfristet),,P
736000,Mellemregning med andelshavere og interessenter (langfristet),,P
738000,Mellemregning med administrator (langfristet),,P
740000,Tilbagebetalinger til andelshaverne (langfristet),,P
742000,Periodeafgrænsningsposter (langfristet),,P
744000,Leasingforpligtelser (langfristet),,P
746000,Ansvarlige lån og andre tilbagetrukne kreditorkrav (langfristet),,P
748000,Kortfristet del af langfristede gældsforpligtelser (langfristet),,P
800000,Kortfristet del af langfristede gældsforpligtelser (kortfristet),,P
802000,Prioritetsgæld inkl. finansielle instrumenter (kortfristet),,P
804000,Kassekredit,,P
804010,Kassekredit2,,P
806000,"Anden gæld, der er optaget ved udstedelse af obligationer (kortfristet)",,P
808000,Gæld til kreditinstitutter i øvrigt (kortfristet),,P
810000,Finansielle instrumenter (kortfristet),,P
812000,Deposita (kortfristet),,P
814000,Varmeregnskab (kortfristet),,P
814010,"Varmeregnskab, primo",,P
814020,"Varmeregnskab, a conto indbetaling",,P
814030,"Varmeregnskab, afholdte varmeudgifter",,P
816000,Vandregnskab (kortfristet),,P
816010,"Vandregnskab, primo",,P
816020,"Vandregnskab, a conto indbetaling",,P
816030,"Vandregnskab, afholdte Vandudgifter",,P
818000,Renovationsregnskab (kortfristet),,P
818010,"Renovationsregnskab, primo",,P
818020,"Renovationsregnskab, a conto indbetaling",,P
818030,"Renovationsregnskab, afholdte Renovationsudgifter",,P
820000,Antenneregnskab (kortfristet),,P
822000,IT-regnskab (kortfristet),,P
824000,Vaskeriregnskab (kortfristet),,P
826000,Indvendig vedligeholdelse for lejere (kortfristet),,P
828000,Leverandører af varer og tjenesteydelser (kortfristet),,P
830000,Forudbetalt boligafgift og leje (kortfristet),,P
832000,Selskabsskat (kortfristet),,P
834000,Anden gæld (kortfristet),,P
836000,Mellemregning med andelshavere og interessenter (kortfristet),,P
838000,Mellemregning med administrator (kortfristet),,P
840000,Tilbagebetalinger til andelshaverne (kortfristet),,P
842000,Periodeafgrænsningsposter (kortfristet),,P
844000,Leasingforpligtelser (kortfristet),,P
846000,Ansvarlige lån og andre tilbagetrukne kreditorkrav (kortfristet),,P
835060,Indgående moms,,P
835070,Modkonto moms af EU varekøb (erhvervelsesmoms),,P
835080,Modkonto importmoms,,P
835090,Modkonto moms af køb af ydelser i EU med omvendt betalingspligt,,P
835100,Modkonto moms af køb af ydelser i ej-EU med omvendt betalingspligt,,P
835110,Manuel indgående moms,,P
835120,Brugtmoms,,P
835130,Olieafgift,,P
835140,El-afgift,,P
835150,Gasafgift,,P
835160,Kulafgift,,P
835170,CO2-afgift,,P
835180,Vandafgift,,P
835190,Afregnet moms,,P
851000,Vendekonto bank,,P
852000,Vendekonto,,P
7999,GÆLDSFORPLIGTELSER I ALT,,SUM
8999,PASSIVER I ALT,,SUM